shotId,byBot,shotType,outcome,A_isServe,A_isClear,A_isDrop,A_isSmash,A_hitterSide,A_hitterX,A_hitterY,A_obsX@0.3s,A_obsY@0.3s,A_obsZ@0.3s,A_velX,A_velY,A_velZ,A_physGuessX,A_physGuessY,A_physGuessT,A_gameTime,A_recentResX,A_recentResY,B_isServe,B_isClear,B_isDrop,B_isSmash,B_hitterX,B_hitterY,B_targetX,B_targetY,B_distance,B_gameTime,B_recentResX,B_recentResY,landingX,landingY,samples
1,false,serve,returned,1,0,0,0,1,0.75,2.6,-0.2701,0.3231,1.6284,-3.8039,-7.4486,2.2966,-1.8029,-3.0981,1.2498,4.9917,0,0,,,,,,,,,,,,,-1.7939,-3.1179,"0:0.8582:2.5768:1.0035;0.05:0.651:2.127:1.2566;0.1:0.2779:1.741:1.3536;0.15:0.2464:1.3264:1.5439;0.2:0.053:1.0021:1.6835;0.25:-0.2068:0.663:1.7619;0.3:-0.2701:0.3231:1.6284"
2,true,smash,winner,0,0,0,1,-1,-1.8004,-3.0985,-0.999,3.2351,1.1904,2.927,21.1049,-4.8274,-0.5554,6.7412,0.5484,6.4167,0.009,-0.0198,0,0,0,1,-1.8004,-3.0985,-0.7537,5.5374,8.6991,6.4167,0,0,-0.5113,6.5537,"0:-1.7413:-3.0876:2.6409;0.05:-1.7598:-1.8293:2.5202;0.1:-1.4861:-0.5701:2.221;0.15:-1.3628:0.4708:2.0924;0.2:-1.1242:1.4889:1.791;0.25:-1.0053:2.4306:1.5318;0.3:-0.999:3.2351:1.1904"
3,true,serve,winner,1,0,0,0,-1,0.75,-2.6,-0.0859,0.6127,1.8757,-2.7271,10.7579,2.7098,-1.487,5.9975,1.3554,8.7084,0.0266,-0.1036,1,0,0,0,0.75,-2.6,-1.3172,5.9132,8.7606,8.7084,0.2424,1.0163,-1.6003,5.9086,"0:0.8241:-2.6413:1.0809;0.05:0.5621:-1.9195:1.242;0.1:0.2124:-1.4159:1.3561;0.15:0.2895:-0.9273:1.4637;0.2:0.0965:-0.4554:1.5336;0.25:0.0761:0.2498:1.8579;0.3:-0.0859:0.6127:1.8757"
4,true,serve,winner,1,0,0,0,-1,-0.75,-2.6,-0.1471,0.0307,1.9096,1.8146,9.0031,2.4366,0.7834,4.0908,1.2746,11.8334,-0.0201,-0.0987,1,0,0,0,-0.75,-2.6,1.04,4.2562,7.086,11.8334,-0.0204,0.5059,1.1483,4.2581,"0:-0.639:-2.6606:1.1387;0.05:-0.6177:-2.0993:1.2984;0.1:-0.5472:-1.668:1.4447;0.15:-0.3828:-1.1674:1.4029;0.2:-0.2627:-0.6666:1.5112;0.25:-0.2276:-0.3348:1.8144;0.3:-0.1471:0.0307:1.9096"
5,true,serve,winner,1,0,0,0,-1,0.75,-2.6,-0.0974,0.0171,1.8347,-2.7081,8.4039,2.4511,-1.4142,4.084,1.281,14.8834,0.0986,-0.0364,1,0,0,0,0.75,-2.6,-1.3063,4.2381,7.1406,14.8834,0.0225,0.3379,-1.1716,4.3672,"0:0.7793:-2.4785:1.0499;0.05:0.5007:-2.0248:1.2397;0.1:0.384:-1.5042:1.3988;0.15:0.217:-1.0098:1.3252;0.2:0.1593:-0.6745:1.6036;0.25:0.0324:-0.3003:1.6759;0.3:-0.0974:0.0171:1.8347"
6,true,serve,winner,1,0,0,0,-1,-0.75,-2.6,0.1079,0.0757,1.8857,2.7447,9.3048,2.0504,1.4514,4.2658,1.2884,17.9417,0.1647,0.1205,1,0,0,0,-0.75,-2.6,1.0823,4.0872,6.9337,17.9417,-0.0134,0.0421,1.4083,4.2563,"0:-0.7505:-2.6583:1.2551;0.05:-0.6356:-2.2111:1.3506;0.1:-0.4587:-1.5639:1.1276;0.15:-0.3316:-1.0801:1.4716;0.2:-0.0523:-0.7878:1.5994;0.25:-0.2051:-0.1868:1.6041;0.3:0.1079:0.0757:1.8857"
7,true,serve,winner,1,0,0,0,-1,0.75,-2.6,-0.0291,0.1463,1.6616,-2.281,9.0065,2.0257,-1.2565,4.4728,1.2941,20.9917,0.1881,0.147,1,0,0,0,0.75,-2.6,-1.1415,4.7203,7.5607,20.9917,0.1897,0.1,-0.92,4.6663,"0:0.6599:-2.5109:0.9772;0.05:0.5522:-2.0958:1.362;0.1:0.4963:-1.4995:1.5083;0.15:0.4556:-1.1978:1.5168;0.2:0.2247:-0.6244:1.5917;0.25:0.1248:-0.2146:1.7117;0.3:-0.0291:0.1463:1.6616"
8,true,serve,returned,1,0,0,0,-1,-0.75,-2.6,0.1658,-0.2399,1.8197,3.014,8.0743,2.1134,1.5484,3.3232,1.2541,24.0667,0.1787,0.1557,1,0,0,0,-0.75,-2.6,1.2318,3.2838,6.2086,24.0667,0.2274,0.0814,1.602,3.2959,"0:-0.7513:-2.6188:1.2273;0.05:-0.5648:-2.2837:1.1844;0.1:-0.4329:-1.8225:1.5462;0.15:-0.3312:-1.2992:1.6634;0.2:-0.0902:-0.965:1.5955;0.25:-0.002:-0.6288:1.7505;0.3:0.1658:-0.2399:1.8197"
9,false,clear,returned,0,1,0,0,1,0.75,3.3,0.1191,0.202,5.0517,-1.9913,-10.1246,9.5156,-1.0329,-5.4546,1.7467,27.3167,0.1157,0.0522,,,,,,,,,,,,,-0.8346,-4.7799,"0:0.6835:3.3167:2.2362;0.05:0.6302:2.6494:2.5617;0.1:0.4177:2.3:3.4196;0.15:0.304:1.6971:3.736;0.2:0.2313:1.2859:4.2204;0.25:0.1761:0.7413:4.599;0.3:0.1191:0.202:5.0517"
10,true,smash,winner,0,0,0,1,-1,-1.0323,-5.4522,-1.7284,1.737,1.4427,-1.9458,23.6872,-4.642,-2.1746,6.3456,0.5871,29.2084,0.1961,0.2803,0,0,0,1,-1.0323,-5.4522,-1.9977,5.7698,11.2634,29.2084,0.3059,0.0424,-2.0791,6.1758,"0:-1.0918:-5.4269:2.7816;0.05:-1.2599:-4.0273:2.616;0.1:-1.2304:-2.7368:2.2785;0.15:-1.4884:-1.5124:1.9752;0.2:-1.3859:-0.5202:1.8406;0.25:-1.5893:0.6996:1.5939;0.3:-1.7284:1.737:1.4427"
1,false,serve,returned,1,0,0,0,1,0.75,2.6,-0.2435,-0.3293,1.6999,-3.9527,-10.1219,2.3294,-1.8589,-5.0923,1.3249,5.1417,0.1158,0.1592,,,,,,,,,,,,,-1.8359,-4.6013,"0:0.913:2.7644:1.0338;0.05:0.684:2.0529:1.1915;0.1:0.5636:1.5691:1.4382;0.15:0.0955:1.034:1.5594;0.2:0.0839:0.3853:1.4712;0.25:-0.1083:0.2:1.8064;0.3:-0.2435:-0.3293:1.6999"
2,true,smash,winner,0,0,0,1,-1,-1.7917,-5.0984,-0.8671,1.534,1.3858,2.9608,21.8053,-4.4251,-0.3262,5.414,0.5623,6.7417,0.1056,0.332,0,0,0,1,-1.7917,-5.0984,-0.7537,5.5374,10.6863,6.7417,0.1701,0.1214,-0.2882,5.4022,"0:-1.7576:-5.141:2.7169;0.05:-1.7131:-3.7616:2.5323;0.1:-1.522:-2.4258:2.2188;0.15:-1.2165:-1.4463:2.1013;0.2:-1.205:-0.3916:1.9563;0.25:-1.1348:0.4725:1.5626;0.3:-0.8671:1.534:1.3858"
3,true,serve,returned,1,0,0,0,-1,0.75,-2.6,-0.0902,-0.5176,1.7342,-2.7078,7.1622,2.7501,-1.3122,2.5111,1.2205,9.1834,0.0522,0.1031,1,0,0,0,0.75,-2.6,-1.2665,2.7625,5.7291,9.1834,0.2514,0.0943,-1.3122,2.5828,"0:0.6777:-2.6442:1.1074;0.05:0.6798:-2.4034:1.0358;0.1:0.3114:-1.8561:1.3444;0.15:0.2324:-1.4273:1.5118;0.2:0.0984:-1.1618:1.821;0.25:0.0427:-0.9269:1.7824;0.3:-0.0902:-0.5176:1.7342"
4,false,clear,net,0,1,0,0,1,-0.75,3.3,-0.9388,1.9345,5.2265,-1.0359,-4.3287,9.9071,-1.2139,-0.0554,1.4694,12.3167,0.0203,0.1836,,,,,,,,,,,,,-1.1961,0.2483,"0:-0.6809:3.2175:2.2605;0.05:-0.6254:2.9756:2.9256;0.1:-0.7703:2.7268:3.4335;0.15:-0.7699:2.4242:3.9975;0.2:-0.9664:2.2896:4.5087;0.25:-0.8656:2.0886:4.874;0.3:-0.9388:1.9345:5.2265"
5,true,serve,winner,1,0,0,0,-1,-0.75,-2.6,-0.2316,0.6044,1.8002,1.1616,10.4193,2.6715,0.6288,5.9227,1.3453,15.6834,0.0186,0.1212,1,0,0,0,-0.75,-2.6,0.6144,5.869,8.5782,15.6834,0.1128,0.0304,0.8477,6.1212,"0:-0.6983:-2.5699:0.983;0.05:-0.6208:-1.8878:1.1531;0.1:-0.3747:-1.3564:1.3022;0.15:-0.4595:-0.9112:1.5727;0.2:-0.5819:-0.4045:1.4931;0.25:-0.4041:0.1683:1.7019;0.3:-0.2316:0.6044:1.8002"
6,true,serve,winner,1,0,0,0,-1,0.75,-2.6,0.1029,0.4431,1.6818,-2.0792,9.6447,1.8539,-0.9519,5.4034,1.3273,18.8417,0.0789,0.1913,1,0,0,0,0.75,-2.6,-1.1241,5.2657,8.0859,18.8417,0.2177,-0.0209,-1.1345,5.3561,"0:0.6957:-2.5589:1.1257;0.05:0.5613:-1.9099:1.308;0.1:0.4273:-1.3994:1.4658;0.15:0.3351:-1.0238:1.5508;0.2:0.1268:-0.5056:1.5609;0.25:0.1453:-0.1085:1.724;0.3:0.1029:0.4431:1.6818"
7,true,serve,returned,1,0,0,0,-1,-0.75,-2.6,-0.3476,-0.0583,1.7675,1.5657,8.0001,2.2951,0.2632,3.7998,1.2592,21.95,0.018,0.1516,1,0,0,0,-0.75,-2.6,0.2811,3.9524,6.633,21.95,0.0591,0.0543,0.4702,4.0138,"0:-0.869:-2.4725:1.0098;0.05:-0.6006:-2.0829:1.3148;0.1:-0.6205:-1.5593:1.2881;0.15:-0.5305:-1.2004:1.4865;0.2:-0.4073:-0.9185:1.4763;0.25:-0.3933:-0.4245:1.6907;0.3:-0.3476:-0.0583:1.7675"
8,false,clear,returned,0,1,0,0,1,0.75,3.3,1.2794,1.5703,5.5004,2.0246,-5.9249,10.4801,2.0931,-1.0882,1.5295,25.2167,0.0811,0.1217,,,,,,,,,,,,,2.5865,-1.119,"0:0.7248:3.3692:2.3314;0.05:0.8806:3.0507:2.8099;0.1:0.9053:2.7147:3.2955;0.15:1.012:2.2924:3.908;0.2:1.1761:2.0725:4.5579;0.25:1.3305:1.9227:4.7613;0.3:1.2794:1.5703:5.5004"
9,true,smash,winner,0,0,0,1,-1,2.1581,-0.769,-0.5728,3.0071,1.1565,-9.7509,12.6496,-5.6951,-1.6672,4.5203,0.4806,27.0417,0.1726,0.0453,0,0,0,1,2.1581,-0.769,-2.2634,4.9612,7.2377,27.0417,0.1373,0.1347,-2.0222,5.035,"0:2.1623:-0.6973:2.826;0.05:1.6952:0.1038:2.6219;0.1:1.0693:0.7798:2.1836;0.15:0.4698:1.5414:2.0188;0.2:-0.0891:2.1271:1.7031;0.25:-0.4486:2.7283:1.3798;0.3:-0.5728:3.0071:1.1565"
10,true,serve,winner,1,0,0,0,-1,0.75,-2.6,-0.0781,0.4164,1.8321,-3.3716,9.9778,2.2396,-1.4309,5.3439,1.3295,29.4167,0.1151,0.2326,1,0,0,0,0.75,-2.6,-1.4117,5.1019,7.9995,29.4167,0.14,0.0752,-1.3952,5.208,"0:0.924:-2.6071:1.0557;0.05:0.4937:-2.0093:1.3212;0.1:0.4243:-1.5824:1.4442;0.15:0.3593:-1.0008:1.5336;0.2:-0.0385:-0.3688:1.6314;0.25:-0.1319:-0.1669:1.6307;0.3:-0.0781:0.4164:1.8321"
11,true,serve,returned,1,0,0,0,-1,-0.75,-2.6,-0.0485,0.5246,1.7445,2.3494,10.5684,2.3261,1.109,5.6801,1.3394,32.525,0.058,0.116,1,0,0,0,-0.75,-2.6,0.8914,5.667,8.4284,32.525,0.1489,0.0804,1.2383,5.9739,"0:-0.8387:-2.6435:1.2102;0.05:-0.5732:-1.9252:1.0934;0.1:-0.369:-1.4813:1.1697;0.15:-0.4:-0.8556:1.6687;0.2:-0.2593:-0.3593:1.562;0.25:-0.1688:0.1595:1.7241;0.3:-0.0485:0.5246:1.7445"
12,false,clear,returned,0,1,0,0,1,0.75,5.38,1.044,2.1496,4.9205,1.1784,-10.9726,9.4814,1.5866,-3.8122,1.7615,35.775,-0.0633,0.2242,,,,,,,,,,,,,1.848,-4.3085,"0:0.5522:5.2955:2.1546;0.05:0.8059:4.7446:2.718;0.1:0.8441:4.1158:3.0164;0.15:0.8996:3.5282:3.9203;0.2:0.8938:2.9067:4.3211;0.25:0.8682:2.3872:4.5538;0.3:1.044:2.1496:4.9205"
13,true,smash,winner,0,0,0,1,-1,1.7584,-3.6287,-0.7163,0.0511,1.0017,-7.7672,12.1947,-6.0347,-1.6642,1.4606,0.4727,38.9667,0.1421,-0.1128,0,0,0,1,1.7584,-3.6287,-0.7841,1.0483,5.3234,38.9667,0.2015,0.1623,-1.4603,1.2552,"0:1.6918:-3.6172:2.8286;0.05:1.2614:-2.9294:2.484;0.1:0.7065:-2.2098:2.2048;0.15:0.4029:-1.4491:1.858;0.2:-0.0233:-1.0343:1.6387;0.25:-0.1986:-0.4833:1.2831;0.3:-0.7163:0.0511:1.0017"
14,true,serve,returned,1,0,0,0,-1,0.75,-2.6,-0.3134,-0.249,1.7804,-3.3284,7.4652,2.3354,-1.9291,3.3231,1.26,41.325,0.1982,-0.136,1,0,0,0,0.75,-2.6,-1.3746,2.8855,5.8826,41.325,-0.1043,0.2066,-1.4231,3.1166,"0:0.6578:-2.5949:1.1077;0.05:0.569:-2.1627:1.1722;0.1:0.4966:-1.8998:1.5342;0.15:0.3064:-1.4122:1.6076;0.2:0.0957:-1.0992:1.6586;0.25:-0.1036:-0.8562:1.7357;0.3:-0.3134:-0.249:1.7804"
15,false,clear,out,0,1,0,0,1,-0.75,3.3,0.6074,1.3336,5.2988,4.6441,-6.3908,10.6351,2.8514,-1.9172,1.617,44.5667,0.3238,-0.3027,,,,,,,,,,,,,2.8638,-1.4063,"0:-0.8664:3.2235:1.9731;0.05:-0.5217:3.0379:2.8089;0.1:-0.3735:2.4899:3.2099;0.15:-0.066:2.1374:3.8174;0.2:-0.0193:1.8531:4.4383;0.25:0.3414:1.7176:4.6507;0.3:0.6074:1.3336:5.2988"
16,true,serve,returned,1,0,0,0,-1,-0.75,-2.6,0.2184,-0.4424,1.7241,3.0655,7.2658,2.4549,1.6489,2.7448,1.2343,47.9417,0.2408,0.033,1,0,0,0,-0.75,-2.6,1.3017,2.901,5.8712,47.9417,-0.1259,0.2483,1.614,3.267,"0:-0.7968:-2.5735:1.0574;0.05:-0.4366:-2.1059:1.186;0.1:-0.4133:-1.7254:1.3378;0.15:-0.273:-1.3315:1.4185;0.2:-0.0946:-0.9536:1.5453;0.25:0.0271:-0.6024:1.8006;0.3:0.2184:-0.4424:1.7241"
17,false,clear,net,0,1,0,0,1,0.75,3.3,1.5039,2.2109,5.1677,2.5331,-4.0961,10.6495,2.5954,0.634,1.4621,51.1834,0.1612,0.2755,,,,,,,,,,,,,2.7007,0.965,"0:0.7357:3.3997:1.9872;0.05:0.9772:3.0971:2.7916;0.1:1.0612:2.8848:3.2417;0.15:1.258:2.7555:3.9743;0.2:1.3926:2.4302:4.5021;0.25:1.4324:2.2403:4.8453;0.3:1.5039:2.2109:5.1677"
18,true,serve,winner,1,0,0,0,-1,0.75,-2.6,-0.2658,0.1577,1.7982,-3.3418,9.5057,2.276,-1.884,4.5508,1.3048,56.625,0.0276,0.4547,1,0,0,0,0.75,-2.6,-1.5476,4.6188,7.5756,56.625,-0.1375,0.268,-1.4213,5.0632,"0:0.8022:-2.6724:1.059;0.05:0.6152:-2.1422:1.3131;0.1:0.4562:-1.5037:1.2766;0.15:0.3048:-0.99:1.5614;0.2:0.1427:-0.557:1.5988;0.25:0.0347:-0.2067:1.6364;0.3:-0.2658:0.1577:1.7982"
19,true,serve,returned,1,0,0,0,-1,-0.75,-2.6,-0.2024,-0.1808,1.8678,1.6764,7.7615,2.5351,0.6188,3.4471,1.248,59.8167,0.1777,0.4552,1,0,0,0,-0.75,-2.6,0.9201,3.3515,6.1814,59.8167,0.13,0.3472,0.8286,3.6384,"0:-0.6639:-2.5555:1.0787;0.05:-0.5881:-2.1002:1.1912;0.1:-0.6567:-1.6266:1.547;0.15:-0.4027:-1.2977:1.5197;0.2:-0.3663:-0.8736:1.5212;0.25:-0.2521:-0.6057:1.795;0.3:-0.2024:-0.1808:1.8678"
1,false,serve,returned,1,0,0,0,1,0.75,2.6,-0.4483,-0.909,1.6754,-4.6352,-12.0535,2.2477,-2.5652,-7.108,1.4103,8,0.2593,0.3449,,,,,,,,,,,,,-2.5815,-6.6989,"0:0.913:2.7644:1.0338;0.05:0.6468:1.948:1.1831;0.1:0.4906:1.3627:1.4231;0.15:-0.0122:0.7296:1.5393;0.2:-0.0574:-0.014:1.4479;0.25:-0.2819:-0.291:1.7817;0.3:-0.4483:-0.909:1.6754"
2,true,smash,winner,0,0,0,1,-1,-2.4789,-6.8933,-1.8072,-1.9616,1.0514,2.3873,16.1454,-5.5179,-1.5207,0.1416,0.492,9.6834,0.2187,0.3709,0,0,0,1,-2.4789,-6.8933,-2.0154,0.4511,7.359,9.6834,0.1157,0.3658,-1.5464,0.3101,"0:-2.5875:-6.8579:2.7807;0.05:-2.4401:-5.7283:2.4339;0.1:-2.1764:-4.9498:2.2831;0.15:-2.2048:-4.0905:2.105;0.2:-2.1727:-3.4159:1.678;0.25:-1.9413:-2.5379:1.4679;0.3:-1.8072:-1.9616:1.0514"
3,true,serve,returned,1,0,0,0,-1,0.75,-2.6,-0.1855,-0.5109,1.8486,-3.3881,7.3611,3.2192,-1.5538,2.5446,1.2255,12.0667,0.0559,0.2563,1,0,0,0,0.75,-2.6,-1.5779,3.1496,6.203,12.0667,0.1679,0.1968,-1.5721,2.9638,"0:0.8294:-2.6333:0.9201;0.05:0.4944:-2.2278:1.2633;0.1:0.4862:-1.9878:1.1728;0.15:0.1082:-1.4409:1.4629;0.2:0.0203:-1.0122:1.6124;0.25:-0.122:-0.7464:1.9042;0.3:-0.1855:-0.5109:1.8486"
4,false,clear,returned,0,1,0,0,1,-0.75,3.3,0.4818,1.5901,5.1181,3.8862,-5.5504,9.7847,2.447,-1.1378,1.5735,15.3167,-0.0201,0.3323,,,,,,,,,,,,,2.4668,-0.9203,"0:-0.801:3.2736:2.1568;0.05:-0.4508:2.8745:2.8654;0.1:-0.1399:2.6009:3.4455;0.15:-0.0465:2.3206:3.8748;0.2:0.1762:1.9869:4.3666;0.25:0.1873:1.8215:4.8122;0.3:0.4818:1.5901:5.1181"
5,true,smash,out,0,0,0,1,-1,2.5541,-0.9628,2.596,3.4319,0.8561,-0.301,14.4574,-5.999,2.6119,5.1018,0.4713,17.1834,-0.0081,0.2684,0,0,0,1,2.5541,-0.9628,1.8575,4.6797,5.6853,17.1834,0.1278,-0.0133,2.6269,5.136,"0:2.5697:-0.873:2.7077;0.05:2.7188:-0.0147:2.4238;0.1:2.5423:0.7156:2.2758;0.15:2.3334:1.4701:1.7921;0.2:2.4296:2.257:1.6112;0.25:2.525:2.8774:1.3342;0.3:2.596:3.4319:0.8561"
6,false,serve,fault,1,0,0,0,1,-0.75,2.6,0.5741,0.6285,1.8929,4.7233,-6.1519,2.4828,2.5327,-2.2877,1.2355,27.25,0.0055,0.2236,,,,,,,,,,,,,2.6645,-2.0337,"0:-0.8592:2.4587:1.0138;0.05:-0.4815:2.2387:1.3558;0.1:-0.2514:1.8575:1.3852;0.15:0.0385:1.5372:1.5712;0.2:0.2283:1.0956:1.485;0.25:0.435:1.0586:1.7252;0.3:0.5741:0.6285:1.8929"
7,true,serve,winner,1,0,0,0,-1,-0.75,-2.6,-0.2534,0.4095,1.7874,1.844,9.9692,1.5781,0.5495,5.275,1.3193,30.3667,0.0555,0.1686,1,0,0,0,-0.75,-2.6,0.6952,5.3558,8.086,30.3667,0.4147,0.0432,0.8668,5.4007,"0:-0.8106:-2.5857:1.2531;0.05:-0.5884:-2.067:1.392;0.1:-0.4827:-1.4837:1.4891;0.15:-0.524:-0.9734:1.453;0.2:-0.3733:-0.344:1.6598;0.25:-0.1881:-0.1512:1.6099;0.3:-0.2534:0.4095:1.7874"
8,true,serve,winner,1,0,0,0,-1,0.75,-2.6,-0.2206,0.2351,1.632,-3.8791,9.3532,1.6369,-1.7788,4.7865,1.3123,33.5167,0.1547,0.138,1,0,0,0,0.75,-2.6,-1.89,4.3046,7.3921,33.5167,0.3156,0.1051,-1.8581,4.3421,"0:0.8708:-2.6337:1.1655;0.05:0.695:-2.0829:1.3297;0.1:0.3023:-1.537:1.4939;0.15:0.1634:-1.1553:1.5568;0.2:-0.1852:-0.8093:1.6207;0.25:-0.1395:-0.2027:1.7124;0.3:-0.2206:0.2351:1.632"
9,true,serve,winner,1,0,0,0,-1,-0.75,-2.6,-0.1546,0.4786,1.7982,1.7976,10.7282,2.5576,0.8191,5.513,1.3305,36.7,0.1233,-0.0216,1,0,0,0,-0.75,-2.6,0.7235,5.8304,8.5582,36.7,0.3243,0.1796,0.9496,5.9339,"0:-0.6939:-2.6231:1.0237;0.05:-0.6323:-2.0772:1.2564;0.1:-0.4101:-1.5027:1.2873;0.15:-0.4874:-0.8513:1.4665;0.2:-0.3613:-0.2967:1.6139;0.25:-0.2073:0.177:1.7217;0.3:-0.1546:0.4786:1.7982"
10,true,serve,winner,1,0,0,0,-1,0.75,-2.6,-0.1673,0.4416,1.8346,-2.835,10.3729,2.307,-1.6757,5.4431,1.336,39.9667,0.1228,0.0341,1,0,0,0,0.75,-2.6,-1.3645,5.2891,8.1676,39.9667,0.1432,0.062,-1.2644,5.5149,"0:0.6726:-2.6064:1.0946;0.05:0.7809:-2.2936:1.3015;0.1:0.4752:-1.4311:1.2393;0.15:0.2381:-0.9471:1.4465;0.2:0.1595:-0.6019:1.5647;0.25:0.2141:-0.0192:1.6437;0.3:-0.1673:0.4416:1.8346"
11,true,serve,winner,1,0,0,0,-1,-0.75,-2.6,-0.0128,0.6544,1.6064,2.4946,10.8991,1.8829,1.2257,6.1218,1.3577,43.0917,0.1542,0.0161,1,0,0,0,-0.75,-2.6,0.9081,5.5878,8.354,43.0917,0.1194,0.1223,1.1689,5.9593,"0:-0.8316:-2.6727:1.1061;0.05:-0.5606:-1.9676:1.2702;0.1:-0.5657:-1.4595:1.4164;0.15:-0.3232:-0.8123:1.5195;0.2:-0.1568:-0.3133:1.5002;0.25:-0.247:0.098:1.7959;0.3:-0.0128:0.6544:1.6064"
12,true,serve,winner,1,0,0,0,-1,0.75,-2.6,0.0804,0.5291,1.7373,-2.4668,11.0349,2.024,-1.024,5.69,1.3391,46.3167,0.1617,0.1101,1,0,0,0,0.75,-2.6,-1.1533,5.6279,8.4452,46.3167,0.1957,0.2336,-0.9587,5.8296,"0:0.69:-2.8255:1.2776;0.05:0.6341:-2.1427:1.0456;0.1:0.5445:-1.4388:1.3715;0.15:0.2427:-1.0129:1.468;0.2:0.2676:-0.3091:1.6388;0.25:-0.0398:-0.015:1.6392;0.3:0.0804:0.5291:1.7373"
13,true,serve,returned,1,0,0,0,-1,-0.75,-2.6,-0.1368,-0.5143,1.8277,1.6836,7.2398,2.0736,0.7467,2.4908,1.2123,49.45,0.1399,0.0163,1,0,0,0,-0.75,-2.6,0.9747,2.3399,5.2323,49.45,0.1852,0.2663,0.9467,2.704,"0:-0.716:-2.6601:1.23;0.05:-0.5122:-2.0636:1.1839;0.1:-0.4936:-1.939:1.6082;0.15:-0.346:-1.4868:1.4862;0.2:-0.3159:-1.2209:1.461;0.25:-0.2913:-0.5735:1.8125;0.3:-0.1368:-0.5143:1.8277"
14,false,clear,returned,0,1,0,0,1,0.75,3.3,1.1925,1.6265,5.1028,1.1164,-5.3186,9.7427,1.8662,-0.9212,1.5183,52.6667,0.0695,0.0634,,,,,,,,,,,,,2.0769,-0.54,"0:0.7509:3.302:2.1147;0.05:0.9473:2.822:2.9554;0.1:1.0081:2.6157:3.4781;0.15:1.0316:2.2807:3.9492;0.2:1.0508:1.9186:4.4172;0.25:1.045:1.9608:4.8236;0.3:1.1925:1.6265:5.1028"
15,true,drop,winner,0,0,1,0,-1,2.0268,-0.7466,0.0961,0.5705,2.8404,-6.2605,4.2731,2.2404,-1.902,1.9336,1.2854,54.4,0.1587,0.2447,0,0,1,0,2.0268,-0.7466,-2.0006,2.1222,4.9447,54.4,0.1425,0.3124,-1.9681,2.3032,"0:2.0621:-0.7844:2.1068;0.05:1.526:-0.4513:2.3202;0.1:1.1796:-0.1024:2.4826;0.15:0.8586:0.0544:2.6034;0.2:0.6501:0.1589:2.6633;0.25:0.3574:0.3769:2.6977;0.3:0.0961:0.5705:2.8404"
16,true,serve,winner,1,0,0,0,-1,0.75,-2.6,-0.1098,0.3145,1.9008,-3.2677,9.3553,2.7867,-1.4977,5.0191,1.3177,57.5917,0.1149,0.3213,1,0,0,0,0.75,-2.6,-2.1344,4.7442,7.8903,57.5917,0.0664,0.2489,-1.8946,5.1694,"0:0.8909:-2.5484:1.0285;0.05:0.5491:-2.0311:1.1881;0.1:0.3462:-1.5068:1.2787;0.15:0.2018:-1.0047:1.4175;0.2:0.0201:-0.5351:1.6868;0.25:-0.0742:-0.2626:1.6263;0.3:-0.1098:0.3145:1.9008"
17,true,serve,winner,1,0,0,0,-1,-0.75,-2.6,0.2023,0.3719,1.8188,2.5744,9.7229,2.3194,1.7565,5.2223,1.3286,60.6917,-0.0841,0.3004,1,0,0,0,-0.75,-2.6,1.6854,4.8967,7.8824,60.6917,0.0814,0.3234,1.7281,5.2407,"0:-0.6555:-2.4866:1.112;0.05:-0.4597:-2.0587:1.2987;0.1:-0.361:-1.5432:1.3349;0.15:-0.233:-0.9122:1.3843;0.2:-0.2144:-0.3914:1.7216;0.25:-0.0176:-0.1163:1.6687;0.3:0.2023:0.3719:1.8188"